Title,Htrc_page_start,Htrc_page_end,Print_page_start,Print_page_end
Monarch,17,17,,
Engagement,18,19,,
Moving In,20,21,,
Barn Owl and Moon,22,22,,
Fertility,23,23,,
Trapeze,24,24,,
Birth,25,25,,
The Flycatcher's Fall,26,26,,
Prey,27,28,,
Miss Spider's Guests,29,29,,
Hive,30,31,,
Sanctuary,32,33,,
Under Siege,34,34,,
Wi'-gi-e,37,38,,
Warning Signs,39,39,,
Afterward,40,40,,
Behind the Swan,41,41,,
Ghost-Echo,42,42,,
Disappearing Act,43,43,,
Solstice in Snow,44,44,,
Pond in Winter,45,45,,
Sea-Change,46,46,,
Isthmus,47,47,,
Squibnocket,48,49,,
Chancing Upon the Manatees,50,51,,
Raccoon on a Branch,52,53,,
The Broken Swan,57,58,,
Ash,59,60,,
Crossing,61,61,,
Eurydice,62,63,,
Mary of Magdala,64,65,,
Outside the Tomb,66,66,,
Farewell,67,67,,
Under the Tomb,68,69,,
Cicadas,70,71,,
Cradle-Song,72,72,,
Threshold,73,73,,
Feast for the Living,74,74,,
First Snow,75,75,,
Magnificent Frigatebird,76,77,,
