Title,Htrc_page_start,Htrc_page_end,Print_page_start,Print_page_end
The Change,15,19,,
Alone Walking,20,20,,
Trace,21,23,,
Dog Road Woman,24,25,,
Thunder Hawk Meltdown,26,27,,
Wokiksuye,28,29,,
State Of Invisibility,33,34,,
Darkening Light,35,37,,
The Year of the Rat,38,57,,
Shoe Gestapo at the Blue Light Special Place,61,61,,
Night In Chaos,62,62,,
Responses,63,66,,
Sidelays Gwance,67,67,,
Pleas,68,68,,
Compartmentalizing,69,70,,
Legacy,71,79,,
When I Was a Girl Woman,83,87,,
Percheron Nambe Morning,88,90,,
Look At This Blue,91,92,,
Sequinned,93,94,,
Pine Ridger With a Lamborghini Dream,95,97,,
Radio Wave Mama,98,109,,
