Title,Htrc_page_start,Htrc_page_end,Print_page_start,Print_page_end
Eucalyptus,17,17,XV,
The Way In,21,21,1,
Journey,22,22,2,
Inside,23,24,3,
Humble,25,26,5,
The Given,27,28,7,
Gentling the Human,29,30,9,
Mysteries of the Bed,31,32,11,
The Shepherd's Cabin,33,34,13,
Rapture,35,36,15,
The Small,37,37,17,
Awake,38,38,18,
Light,39,40,19,
Spring,41,41,21,
In Time,42,43,22,
We Will Feed You,44,45,24,
Loneliness,49,50,29,
Sounding the Depths,51,51,31,
The Heron,52,53,32,
Enigma,54,55,34,
Alone,56,58,36,
Anatomy,59,60,39,
Whale Rising,61,62,41,
On the Small Toe,63,64,43,
The Radiant,65,66,45,
The Quiet Watching,67,67,47,
Winter Solstice,68,69,48,
Restless,70,70,50,
Turtle Watchers,71,71,51,
West,72,72,52,
Skin Boats,73,73,53,
The Creations of Water and Light,74,75,54,
Wild,79,79,59,
Walking,80,81,60,
Moving the Woodpile,82,83,62,
Affinity: Mustang,84,86,64,
Emergence,87,88,67,
Deer Dance,89,90,69,
Dimensions,91,92,71,
Children of Light,93,94,73,
The Night Constant,95,96,75,
Secret,97,97,77,
The Thief of Light,98,98,78,
Fox,99,99,79,
Escape,100,101,80,
From Far Away,102,102,82,
The Hidden,103,104,83,
Shine,105,106,85,
At the Water,107,107,87,
Hearts,108,109,88,
Wind Circle,110,111,90,
Reveal,112,115,92,
Call,116,116,96,
