Title,Htrc_page_start,Htrc_page_end,Print_page_start,Print_page_end
Who will return lamps to the smelted sky?,15,16,3,
She Wakes Up to Watch the Sky,19,19,7,
Sex Blood,20,20,8,
This Twisted Storm of Wind,21,22,9,
"After colliding,,23, Raven recalls: Where We All Begin",11
Ceremony of Peyote,24,25,12,
Bird Boy of the Blue Light,26,28,14,
Playing Hangman,29,31,17,
M Mountain,32,33,20,
The Birth of Thought Woman,34,35,22,
Hanging from Red Cord,36,37,24,
Addiction to the Dead,38,42,26,
Corn Girl Dawn Girl,43,43,31,
Whipping Pole,44,46,32,
The Unpredictable Shoves,47,47,35,
The Breath Moves Corn Girl,48,49,36,
No Time in This Storm,50,50,38,
The Digging Hole,51,53,39,
Psychedelic,54,54,42,
What Good Is a Chore,55,55,43,
Drinking under the Moon She Goes Laughing,56,57,44,
Smooth Pink Blossoms,58,59,46,
Flesh Offerings,60,62,48,
Take This Medicine,65,78,53,
What She Knows,79,80,67,
The First Being She Saw Was the Tree,81,84,69,
Corn Girl,85,86,73,
Raven,87,89,75,
