Title,Page Number (start),Page Number (end),File Name (start),File Name (end)
I. Wars in Central Asia,1,3,21,23
II. The Frontier Boy,4,5,24,25
III. Adieu to Children,6,7,26,27
IV. Farewell to a Friend,8,8,28,28
V. Exile,9,10,29,30
VI. For an Exile Homeward Bound,11,12,31,32
VII. The Lily of the Wilderness,13,13,33,33
VIII. To a Distant Land,14,14,34,34
VIIII. To Children in East Lu,15,16,35,36
X. The Moon of Wu,17,17,37,37
XI. Autumn Inlet,18,18,38,38
XII. Respect for Feelings,19,19,39,39
XIII. In the Peach-Orchard of Nestled-Haze Mountain,20,21,40,41
XIIII. White- Willow-Square in Nankin,22,23,42,43
XV. On Feng-hwang Tower in Nankin,24,25,44,45
XVI. Longing,26,27,46,47
XVII. The Song of White-Head,28,29,48,49
XVIII. A Swallow-Pair,30,31,50,51
XVIIII. The Field-Sparrow to her Brood,32,32,52,52
XX. From Pe-ti,33,33,53,53
XXI. Conformity to the World,34,34,54,54
XXII. Triumph of the King of Yueh,35,35,55,55
XXIII. The Order of Nature,36,37,56,57
XXIV. Mattrass and Pillow,38,39,58,59
XXV. Alone among Flowers,40,41,60,61
XXVI. Moon-Salutation,42,43,62,63
XXVII. Sunrise-Song,44,45,64,65
XXVIII. Illumination,46,47,66,67
XXVIIII. Disenchantment,48,49,68,69
XXX. Rainbow-Bridge,50,50,70,70
XXXI. To a Departing Hermit,51,51,71,71
XXXII. Ascent of Mount Tae. I.,52,53,72,73
XXXIII. Ascent of Mount Tae. II.,54,55,74,75
XXXIIII. Toward the Mountain,56,57,76,77
XXXV. Visit to a Mountain-Dweller,58,59,78,79
XXXVI. The Pine of Tae-kwa,60,61,80,81
XXXVII. Retirement,62,62,82,82
