Title,Page Number (start),Page Number (end),File Name (start),File Name (end)
BONES,3,3,15,15
DEAR EDITOR,4,5,16,17
AUTUMN IN SPINAGAR,6,8,18,20
ANOTHER DEATH,9,9,21,21
NOTES FOR THE UNABANDONED STRANGER,10,11,22,23
IN MEMORY OF BEGUM AKHTAR,15,16,27,28
INTRODUCING,17,18,29,30
NOTE AUTOBIOGRAPHICAL-1,19,19,31,31
NOTE AUTOBIOGRAPHICAL-2,20,20,32,32
THE EDITOR REVISITED,21,21,33,33
POSTCARD FROM KASHMIR,25,25,37,37
A LOST MEMORY OF DELHI,26,27,38,39
A DREAM OF GLASS BANGLES,28,28,40,40
SNOWMEN,29,29,41,41
THE DACCA GAUZES,30,31,42,43
THE SEASON OF THE PLAINS,32,33,44,45
HOMAGE TO FAIZ AHMED FAIZ,34,37,46,49
SURVIVOR,38,38,50,50
I DREAM IT IS AFTERNOON WHEN I RETURN TO DELHI,39,40,51,52
HOUSES,41,41,53,53
BELL TELEPHONE HOURS,45,48,57,60
LANGUAGE GAMES,49,50,61,62
"AN INTERVIEW WITH RED RIDING HOOD, NOW NO LONGER LITTLE",51,52,63,64
"THE WOLF'S POSTSCRIPT TO ""LITTLE RED RIDING HOOD""",53,54,65,66
FROM ANOTHER DESERT,57,65,69,77
SNOW ON THE DESERT,66,69,78,81
GHAZAL,71,72,83,84
