Title,Page Number (start),Page Number (end),File Name (start),File Name (end)
Spare Change,,,17,25
The Running Boy,,,26,26
Alice & The Engine That Could,,,27,27
Alice & Aurora Borealis,,,28,28
Alice in Spiderland,,,29,30
Fort Peck Indian Reservation,,,31,31
Mt. Rushmore & The Arm Of Crazy Horse,,,32,32
Ode To The Horse Powered Engine,,,33,37
Written In Blood,,,38,38
Totem Ad,,,39,39
Weeds,,,40,42
Diary Of A Mixed-Up Halfbreed,,,45,57
Cowboys & Indians,,,58,58
Renegade Hearts,,,59,59
For Ransom,,,60,60
Mercy Killing,,,61,61
Travel Diary,,,62,70
1-900-Deliver Me,,,73,76
Highway Robbery,,,77,87
Rodeo Queen,,,88,89
"Outlaws, Renegades & Saints",,,90,91
Even The Outlaw's Daughter Get's The Blues,,,92,101
Reward,,,102,102
She Speaks Her Many Tongues,,,105,106
Saints,,,107,109
Iron Eyes Cody,,,110,110
Godless Nights & Firewater,,,111,111
Recipe For Survival,,,112,113
The Poet as Messiah,,,114,114
Night Of The Living Dead,,,115,118
