Title,Page Number (start),Page Number (end),File Name (start),File Name (end)
OJISTOH,3,5,45,47
AS RED MEN DIE,6,8,48,50
THE PILOT OF THE PLAINS,9,11,51,53
THE CATTLE THIEF,12,16,54,60
A CRY FROM AN INDIAN WIFE,17,19,61,63
DAWENDINE,20,23,64,67
WOLVERINE,24,28,68,72
THE VAGABONDS,29,30,73,74
THE SONG MY PADDLE SINGS,31,32,75,76
THE CAMPER,33,33,79,79
AT HUSKING TIME,34,34,80,80
WORKWORN,35,36,81,82
EASTER,37,38,83,84
ERIE WATERS,39,39,85,85
THE FLIGHT OF THE CROWS,40,41,86,87
MOONSET,42,42,88,88
MARSHLANDS,43,43,89,89
JOE,44,45,90,91
SHADOW RIVER,46,47,92,93
RAINFALL,48,48,94,94
UNDER CANVAS,49,50,95,96
THE BIRDS' LULLABY,51,52,97,98
OVERLOOED,53,53,99,99
FASTING,54,56,100,102
CHRISTMASTIDE,57,57,103,103
CLOSE BY,58,59,104,105
THE IDLERS,60,62,106,108
AT SUNSET,63,63,109,109
PENSEROSO,64,64,110,110
RE-VOYAGE,65,66,111,112
BRIER,67,67,113,113
WAVE-WON,68,69,114,115
THE HAPPY HUNTING GROUNDS,70,71,116,117
IN THE SHADOWS,72,73,118,119
NOCTURNE,74,75,120,121
MY ENGLISH LETTER,76,77,122,123
CANADIAN BORN,81,82,127,128
WHERE LEAPS THE STE. MARIE,83,83,129,129
HARVEST TIME,84,84,130,130
LADY LORGNETTE,85,86,131,132
LOW TIDE AT ST. ANDRES,87,87,133,133
BEYOND THE BLUE,88,91,134,137
THE MARINER,92,93,138,139
LULLABY OF THE IROQUO!,94,94,140,140
THE CORN HUSKER,95,95,141,141
PRARIE GREYHOUNDS,96,97,142,143
GOLDEN-OF THE SELKIRKS,98,99,144,145
THE SONGSTER,100,100,146,146
THISTLE-DOWN,101,101,149,149
THE RIDERS OF THE PLAINS,102,104,150,152
SILHOUETTE,105,105,153,153
A PRODIGAL,106,106,154,154
THROUGH TIME AND BITTER DISTANCE,107,108,155,156
AT HALF-MAST,109,111,157,159
THE SLEEPING GIANT,112,112,160,160
THE QUILL WORKER,113,114,161,162
GUARD OF THE EASTERN GATE,115,115,163,163
AT CROW'S NEST PASS,116,116,164,164
GIVE US BARABBAS,117,118,165,166
YOUR MIRROR FRAME,119,120,167,168
THE CITY AND THE SEA,121,121,169,169
FIRE-FLOWERS,122,122,170,170
A TOAST,123,124,171,172
LADY ICICLE,125,126,173,174
THE LEGEND OF QU'APPELLE VALLEY,127,130,175,178
THE ART OF ALMA-TADEMA,131,131,179,179
GOOD-BYE,132,132,180,180
IN GREY DAYS,135,135,183,183
BRANDON,136,136,184,184
THE INDIAN CORN PLANTER,137,137,185,185
THE CATTLE COUNTRY,138,138,186,186
AUTUMN'S ORCHESTRA:,139,141,189,191
THE TRAIL TO LILLOOET,142,143,192,193
CANADA,144,144,194,194
THE LIFTING OF THE MIST,145,145,195,195
THE HOMING BEE,146,146,196,196
THE LOST LAGOON,147,147,197,197
THE TRAIN DOGS,148,148,198,198
THE KING'S CONSORT,149,150,201,202
WHEN GEORGE WAS KING,151,152,203,204
DAY DAWN,153,154,205,206
THE ARCHER,155,156,207,208
THE WOLF,157,157,209,209
THE MAN IN CHRYSANTH MUM LAND,158,159,210,211
CALGARY OF THE PLAINS,160,161,212,213
THE BALLAD OF THE YAADA,162,165,214,217
"AND HE SAID, FIGHT ON""",166,166,218,218
