Title,Page Number (start),Page Number (end),File Name (start),File Name (end)
Eucalyptus,XV,,17,17
The Way In,1,,21,21
Journey,2,,22,22
Inside,3,,23,24
Humble,5,,25,26
The Given,7,,27,28
Gentling the Human,9,,29,30
Mysteries of the Bed,11,,31,32
The Shepherd's Cabin,13,,33,34
Rapture,15,,35,36
The Small,17,,37,37
Awake,18,,38,38
Light,19,,39,40
Spring,21,,41,41
In Time,22,,42,43
We Will Feed You,24,,44,45
Loneliness,29,,49,50
Sounding the Depths,31,,51,51
The Heron,32,,52,53
Enigma,34,,54,55
Alone,36,,56,58
Anatomy,39,,59,60
Whale Rising,41,,61,62
On the Small Toe,43,,63,64
The Radiant,45,,65,66
The Quiet Watching,47,,67,67
Winter Solstice,48,,68,69
Restless,50,,70,70
Turtle Watchers,51,,71,71
West,52,,72,72
Skin Boats,53,,73,73
The Creations of Water and Light,54,,74,75
Wild,59,,79,79
Walking,60,,80,81
Moving the Woodpile,62,,82,83
Affinity: Mustang,64,,84,86
Emergence,67,,87,88
Deer Dance,69,,89,90
Dimensions,71,,91,92
Children of Light,73,,93,94
The Night Constant,75,,95,96
Secret,77,,97,97
The Thief of Light,78,,98,98
Fox,79,,99,99
Escape,80,,100,101
From Far Away,82,,102,102
The Hidden,83,,103,104
Shine,85,,105,106
At the Water,87,,107,107
Hearts,88,,108,109
Wind Circle,90,,110,111
Reveal,92,,112,115
Call,96,,116,116
