Title,Htrc_page_start,Htrc_page_end,Print_page_start,Print_page_end
The Element,15,16,,
Colloquy,17,17,,
Also,18,18,,
Nearly,19,20,,
Remnant,21,21,,
Retreat: A. M. G. D.,22,22,,
Still Life,23,24,,
Third Lassitude,25,25,,
Dyspnea,26,26,,
This,27,27,,
4X4,28,29,,
The Helm,30,30,,
The Division,31,31,,
Time Being,32,32,,
Otherwise,33,33,,
Mirrors for Gold,37,51,,
Itinerary,55,55,,
Codex,56,56,,
Federal District,57,57,,
At Nezahualcóyotl,58,58,,
Field,59,59,,
Fourth Lassitude,60,60,,
Separate Chalice,61,61,,
"""Like Unto Us a Child in the Distance ..",62,62,,
Hemp & Silver,63,63,,
Exedra,64,65,,
Genesis: The Resilient Colors,66,66,,
There,67,67,,
Ceora,68,68,,
Opposed to Water,69,69,,
Song: The Power of the Center,70,73,,
