Title,Htrc_page_start,Htrc_page_end,Print_page_start,Print_page_end
Arias tristes,43,48,3,8
Jardines lejanos,49,52,9,12
Pastorales,53,64,13,24
Olvidanzas,65,66,25,26
Baladas de primavera,67,70,27,30
Elejías,71,72,31,32
La soledad sonora,73,74,33,34
Poemas májicos y dolientes,75,76,35,36
Arte menor,77,78,37,38
Poemas agrestes,79,80,39,40
Laberinto,81,81,41,41
Melancolía,83,83,43,43
Poemas impersonales,85,88,45,48
Apartamiento,89,92,49,52
La frente pensativa,93,94,53,54
Pureza,95,98,55,58
Sonetos espirituales,99,112,59,72
Estío,113,126,73,86
Diario de un poeta reciéncasado,127,146,87,106
Eternidades,147,162,107,122
Piedra y cielo,163,176,123,136
Poesía (en verso),177,186,137,146
Belleza (en verso),187,198,147,158
Canción,199,206,159,166
La estación total I,207,214,167,174
Canciones de la nueva luz,215,228,175,188
La estación total II,229,232,189,192
En el otro costado,233,238,193,198
Romances de Coral Gables,239,242,199,202
Animal de fondo,243,268,203,228
Dios deseado y deseante,269,272,229,232
Ríos que se van,273,273,233,233
