Title,Page Number (start),Page Number (end),File Name (start),File Name (end)
THE CALL TO DUTY,1,3,11,13
LIFE,4,7,14,17
"GOD, MAN AND NATURE",8,10,18,20
SWEET IS THE COUNSEL OF THE WISE,11,12,21,22
THE UNBELIEVER,13,14,23,24
WHAT HAVE I TO SORROW O'ER,15,15,25,25
THE THREATENING DAY IN SLUMBER DIES,16,16,26,26
KING WINTER,17,18,27,28
CHRISTMAS CAROL,19,20,29,30
DREAMLAND,21,22,31,32
THE POET'S SOLILOQUY,23,25,33,35
ODE TO SPRING,26,28,36,38
LOVE'S MESSAGE TO NATURE,29,30,39,40
TO THE CHILDREN,31,32,41,42
TO OUR DEAD HEROES,33,35,43,45
EDWARD EVERETT HALE,36,37,46,47
THE CONQUEST OF THE NORTH POLE,38,39,48,49
ODE TO PRESIDENT ROOSEVELT,40,42,50,52
THE JOLLY SONGSTERS,43,44,53,54
TO WOMAN,45,45,55,55
A SONG OF SUFFRAGE,46,47,56,57
FOR DEARIE WAS WITH ME,48,49,58,59
"DEAREST, WHERE ART THOU TO-NIGHT?",50,52,60,62
WITH DEARIE AT MY SIDE,53,54,63,64
A PRAYER,55,55,65,65
EVENING HYMN,56,57,66,67
