Title,Page Number (start),Page Number (end),File Name (start),File Name (end)
Odyssey of Big Boy,20,21,36,37
Long Gone,22,23,38,39
Maumee Ruth,24,25,40,41
When de Saints Go Ma'ching Home,26,30,42,46
Dark of the Moon,31,32,47,48
Seeking Religion,33,33,49,49
Georgie Grimes,34,34,50,50
Scotty Has His Say,35,35,51,51
Ruminations of Luke Johnson,36,37,52,53
Virginia Portrait,38,39,54,55
Old Man Buzzard,40,41,56,57
Johnny Thomas,42,43,58,59
Frankie and Johnny,44,44,60,60
Sam Smiley,45,46,61,62
"To Sallie, Walking",47,48,63,64
Bessie,49,49,65,65
Kentucky Blues,50,50,66,66
Mister Samuel and Sam,51,51,67,67
Southern Road,52,53,68,69
Sister Lou,54,55,70,71
Strong Men,56,57,72,73
Memphis Blues,60,61,76,77
Ma Rainey,62,63,78,79
Old King Cotton,64,65,80,81
Children of the Mississippi,66,67,82,83
New St. Louis Blues,68,69,84,85
Foreclosure,70,70,86,86
Checkers,71,72,87,88
Mose,73,73,89,89
After Winter,74,75,90,91
Pardners,76,76,92,92
Slim Greer,77,78,93,94
Slim Lands a Job?,79,80,95,96
Slim in Atlanta,81,82,97,98
New Steps,83,84,99,100
Convict,85,85,101,101
Strange Legacies,86,87,102,103
Revelations,88,89,104,105
Riverbank Blues,90,90,106,106
Tin Roof Blues,92,92,108,108
Effie,93,93,109,109
Children's Children,94,94,110,110
Mecca,95,95,111,111
Chillen Get Shoes,96,96,112,112
Funeral,97,97,113,113
Harlem Street Walkers,98,98,114,114
Sporting Beasley,99,100,115,116
Cabaret,101,103,117,119
Salutamus,106,106,122,122
"To a Certain Lady, in Her Garden",107,108,123,124
Challenge,109,109,125,125
Telling Fortunes,110,110,126,126
Rain,111,111,127,127
Return,112,112,128,128
Nous n'irons plus au boi...,113,113,129,129
Thoughts of Death,114,114,130,130
Against That Day,115,115,131,131
Mill Mountain,116,117,132,133
The Last Ride of Wild Bill,121,135,137,151
He Was a Man,136,137,152,153
Elder Mistletoe,138,140,154,156
Crispus Attucks McKoy,141,143,157,159
"A Bad, Bad Man",144,145,160,161
Break of Day,146,146,162,162
Rent Day Blues,147,147,163,163
The Ballad of Joe Meek,148,152,164,168
Harlem Happiness,155,156,171,172
Negro Improvement League,157,157,173,173
The Temple,158,158,174,174
Roberta Lee,159,160,175,176
Real Mammy Song,161,161,177,177
The Law for George,162,164,178,180
The New Congo,165,166,181,182
Arkansas Chant,167,168,183,184
The Young Ones,169,169,185,185
Old Lem,170,171,186,187
Sharecroppers,172,172,188,188
Master and Man,173,173,189,189
Southern Cop,175,176,191,192
Mr. Danny,177,177,193,193
An Old Woman Remembers,178,179,194,195
Transfer,180,181,196,197
Episode,182,182,198,198
All Are Gay,183,185,199,201
Legend,187,189,203,205
Bitter Fruit of the Tree,190,190,206,206
Memo: For the Race Orators,191,193,207,209
Crossing,194,195,210,211
Call for Barnum,196,197,212,213
Song of Triumph,198,198,214,214
Remembering Nat Turner,199,200,215,216
Raise a Song,201,203,217,219
Colloquy,204,205,220,221
Street Car Gang,206,207,222,223
Side by Side,208,212,224,228
Let Us Suppose,213,214,229,230
Cloteel,215,215,231,231
Parish Doctor,216,217,232,233
Uncle Joe,218,219,234,235
Louisiana Pastoral,220,220,236,236
"Glory, Glory",221,222,237,238
Choices,223,223,239,239
No More Worlds to Conquer,224,224,240,240
Call Boy,225,226,241,242
Puttin' on Dog,227,228,243,244
April in Coolwell,229,230,245,246
Coolwell Vignette,231,232,247,248
Honey Mah Love,233,234,249,250
Memories of Salem,235,236,251,252
Idyll,237,237,253,253
One Way of Taking Leave,238,238,254,254
Isaiah to Mandy,239,239,255,255
Conjured,240,240,256,256
Long Track Blues,241,242,257,258
