Title,Page Number (start),Page Number (end),File Name (start),File Name (end)
A note of humility,,,14,14
God give to men,,,15,15
The return,,,16,17
Close your eyes!,,,18,18
Gethsemane,,,19,19
Southern mansion,,,20,20
A tree design,,,21,21
Golgotha is a mountain,,,22,24
Here is the sea,,,25,25
Reconnaissance,,,26,26
Nocturne of the wharves,,,27,27
To a young girl leaving the hill country,,,28,28
Homing,,,29,29
My heart has known its winter,,,30,30
Miracles,,,31,31
Nocturne at Bethesda,,,32,33
Prodigal,,,34,34
Idolatry,,,35,35
Lancelot,,,36,36
Length of moon,,,37,37
Dark girl,,,38,38
The day-breakers,,,39,39
A black man talks of reaping,,,40,40
