Title,Page Number (start),Page Number (end),File Name (start),File Name (end)
Gratitude,,,15,20
Grace,,,23,23
Nothing,,,24,24
Eddie Son House's Death Letter Blues,,,25,25
Nobody's Business,,,26,28
The Supremes,,,29,29
Young Elvis,,,30,30
Car Alarm,,,31,31
Leadbelly,,,32,32
William Carlos Williams,,,33,33
Insomnia,,,34,34
Fun,,,35,35
"Alabama, C. 1963: A Ballad by John Coltrane",,,36,36
Song,,,37,38
Thelonius Monk,,,39,39
Muddy Waters & The Chicago Blues,,,40,40
"The Solos, Sarah Lawrence College",,,41,41
Hank Mobley's,,,42,43
The Grin,,,47,47
Sherbet,,,48,49
The Wrong Street,,,50,50
False Arrest,,,51,51
Spic,,,52,52
Why Do So Few Blacks Study Creative Writing?,,,53,53
"June 14th, 1988",,,57,57
The Mouse,,,58,58
Thrift,,,59,59
Pastoral,,,60,61
Dental Hygiene,,,62,63
Atomic Prayer,,,64,65
Living with Genius,,,66,66
White Socks,,,67,68
Romare Bearden Retrospective at The Brooklyn Museum,,,69,69
Intermission on East 7th Street,,,70,71
"The View from the Roof, Waverly Place",,,72,72
Blue Monday,,,73,73
The Sheets of Sound,,,77,89
