Title,Htrc_page_start,Htrc_page_end,Print_page_start,Print_page_end
The Broken Wing,19,20,,
The Gift of India,21,22,,
The Temple,23,24,,
"Lakshmi,,25, the Lotus-born",
The Victor,27,28,,
The Imam Bara,29,30,,
A Song from Shiraz,31,32,,
Imperial Delhi,33,33,,
Memorial Verses,34,37,,
The Flute-player of Brindaban,38,39,,
Farewell,40,41,,
The Challenge,42,42,,
Wandering Beggars,43,44,,
The Lotus,45,45,,
The Prayer of Islam,46,47,,
Bells,48,49,,
The Garden Vigil,50,51,,
Invincible,52,52,,
The Pearl,53,54,,
Three Sorrows,55,55,,
Kali the Mother,56,58,,
Awake!,59,60,,
The Call of Spring,63,64,,
The Coming of Spring,65,66,,
The Magic of Spring,67,67,,
Summer Woods,68,69,,
June Sunset,70,71,,
The Time of Roses,72,73,,
Silver Tears,77,77,,
Caprice,78,78,,
Destiny,79,79,,
Ashoka Blossom,80,80,,
Atonement,81,81,,
Longing,82,83,,
Welcome,84,84,,
The Festival of Memory,85,86,,
The Temple: A Pilgrimage of Love,87,87,,
I. The Gate of Delight,89,100,,
II. The Path of Tears,101,112,,
III. The Sanctuary,113,124,,
