Title,Page Number (start),Page Number (end),File Name (start),File Name (end)
Nostalgic Catalogue,,,21,22
Village: Kahuku-mura,,,23,24
"Ancestral Graves, Kahuku",,,25,27
Obon: Dance for the Dead,,,28,29
Pinoy at the Coming World,,,30,33
Jigoku: On the Glamour of Self-Hate,,,34,38
Hilo: First Night Back,,,39,40
Eruption: Pu'u O'o,,,41,41
Crossing Ka'u Desert,,,42,42
Cloud-Catch,,,43,44
Volcano House,,,45,49
Morro Rock,,,53,56
Metered Onramp,,,57,59
The Sound of Water,,,60,61
A Far Galaxy,,,62,63
The Cadence of Silk,,,64,65
"""96 Tears""",,,66,69
Portrait of a Lady,,,70,70
Four Chinatown Figures,,,71,72
Choir,,,73,74
The Pier,,,75,77
The Underworld,,,78,79
The Legend,,,80,81
