Title,Htrc_page_start,Htrc_page_end,Print_page_start,Print_page_end
The June,15,18,11,
An Octaroon's Farewell,19,19,15,
The March's Promise,20,20,16,
Dogwood Blossoms,21,21,17,
A Serenade,22,22,18,
Eternity,23,23,19,
Sustaining Hope,24,24,20,
A Summer Afternoon,25,26,21,
A September Night,27,27,23,
As Sifted Wheat,28,28,24,
A Belated Oriole,29,29,25,
A Psyche of the Spring,30,30,26,
Heart Yearnings,31,31,27,
My Madonna,32,32,28,
A Meadow-Land,33,34,29,
A Butterfly in Church,35,35,31,
The Harvest Moon,36,36,32,
In the Heart of a Rose,37,37,33,
An Autumn Day,38,39,34,
The Feet of Judas,40,40,36,
A Faithless Love,41,41,37,
A Song of Nashville,42,44,38,
To Kitty Wysong,45,45,41,
The April of Alabama,46,46,42,
Lines to Mount Glen,47,50,43,
That Better Day,51,51,47,
May Along the Cumberland,52,52,48,
Service,53,54,49,
A Decoration Day,55,55,51,
By the Cumberland,56,56,52,
In Summer,57,58,53,
Youthful Delusions,59,59,55,
Love is a Flame,60,60,56,
To Lochiel,61,61,57,
Prayer,62,63,58,
A January Dandelion,64,64,60,
Sunday Morning,65,65,61,
Estranged,66,66,62,
A Little News Vender,67,68,63,
The Color Bane,69,69,65,
Lines to a Whippoorwill,70,71,66,
The Bridal Wreath's Lament,72,73,68,
March Winds,74,75,70,
Lines to Night,76,77,72,
May,78,80,74,
Lines to a Mocking Bird,81,82,77,
Lines to the Memory of Dr. Powell of the A. M. A.,83,83,79,
Resentment,84,84,80,
In Memory of Katie Reynolds-Dying,85,85,81,
Thanksgiving Day in New England,86,88,82,
After Commencement at Fisk University,89,89,85,
The Woods of October,90,91,86,
The Message of a Dead Rose,92,92,88,
The Sun Went Down in Beauty,93,95,89,
Over the Bay,96,96,92,
The Secret,97,97,93,
The New Jerusalem,98,99,94,
The Goddess of the Penitentials,101,113,97,
A Christmas Carol,114,131,110,
Annette,132,143,128,
A Christmas Night,144,145,140,
A Farewell,146,149,142,
