Title,Page Number (start),Page Number (end),File Name (start),File Name (end)
The Traumere I,7,10,11,14
That's So!,11,11,15,15
AT NIAGARA,13,13,17,17
I Stood by the Caves of Memory,14,14,18,18
Miserrordia,15,15,19,19
The Mountain,16,16,20,20
Ditty,17,18,21,22
Pappy,19,20,23,24
Bagatelle,21,21,25,25
The Rubinstein Staccato Etude,22,23,26,27
A Romance Sonata,24,30,28,34
Au Matin,31,31,35,35
Au Soir,32,33,36,37
Yield But Thy Love to Me,34,34,38,38
Ode,35,36,39,40
To the Sea,37,37,41,41
Twilight,38,38,42,42
Berceuse,39,40,43,44
Mistaken,41,41,45,45
After,42,43,46,47
Oh Whisp'ring Tree,44,44,48,48
A Melody that Haunts and Charms,45,45,49,49
Conjured,46,47,50,51
Draw Nigh Unto Me,48,49,52,53
Faithfully Yours,50,51,54,55
Elegy,52,53,56,57
Bishop Isaac Lane,54,54,58,58
Lane College Song,55,56,59,60
Remembrance,57,58,61,62
The Gossip or The Old Maid's Story,59,69,63,73
