Title,Page Number (start),Page Number (end),File Name (start),File Name (end)
The June,11,,15,18
An Octaroon's Farewell,15,,19,19
The March's Promise,16,,20,20
Dogwood Blossoms,17,,21,21
A Serenade,18,,22,22
Eternity,19,,23,23
Sustaining Hope,20,,24,24
A Summer Afternoon,21,,25,26
A September Night,23,,27,27
As Sifted Wheat,24,,28,28
A Belated Oriole,25,,29,29
A Psyche of the Spring,26,,30,30
Heart Yearnings,27,,31,31
My Madonna,28,,32,32
A Meadow-Land,29,,33,34
A Butterfly in Church,31,,35,35
The Harvest Moon,32,,36,36
In the Heart of a Rose,33,,37,37
An Autumn Day,34,,38,39
The Feet of Judas,36,,40,40
A Faithless Love,37,,41,41
A Song of Nashville,38,,42,44
To Kitty Wysong,41,,45,45
The April of Alabama,42,,46,46
Lines to Mount Glen,43,,47,50
That Better Day,47,,51,51
May Along the Cumberland,48,,52,52
Service,49,,53,54
A Decoration Day,51,,55,55
By the Cumberland,52,,56,56
In Summer,53,,57,58
Youthful Delusions,55,,59,59
Love is a Flame,56,,60,60
To Lochiel,57,,61,61
Prayer,58,,62,63
A January Dandelion,60,,64,64
Sunday Morning,61,,65,65
Estranged,62,,66,66
A Little News Vender,63,,67,68
The Color Bane,65,,69,69
Lines to a Whippoorwill,66,,70,71
The Bridal Wreath's Lament,68,,72,73
March Winds,70,,74,75
Lines to Night,72,,76,77
May,74,,78,80
Lines to a Mocking Bird,77,,81,82
Lines to the Memory of Dr. Powell of the A. M. A.,79,,83,83
Resentment,80,,84,84
In Memory of Katie Reynolds-Dying,81,,85,85
Thanksgiving Day in New England,82,,86,88
After Commencement at Fisk University,85,,89,89
The Woods of October,86,,90,91
The Message of a Dead Rose,88,,92,92
The Sun Went Down in Beauty,89,,93,95
Over the Bay,92,,96,96
The Secret,93,,97,97
The New Jerusalem,94,,98,99
The Goddess of the Penitentials,97,,101,113
A Christmas Carol,110,,114,131
Annette,128,,132,143
A Christmas Night,140,,144,145
A Farewell,142,,146,149
