Title,Page Number (start),Page Number (end),File Name (start),File Name (end)
I AM A VOICE,13,16,21,24
THE MOCKING BIRD,17,17,25,25
THE BIRDS' QUARREL,18,22,26,30
THE PESSIMIST,23,24,31,32
MOON AND STAR,25,26,33,34
DISCOURAGED,27,28,35,36
QUILLS,29,30,37,38
FAERY QUEEN,31,32,39,40
DOWN TO FARMER JOE'S,33,35,41,43
PLOWIN' CANE,36,37,44,45
WOOD-NYMPHS,38,39,46,47
AUNT BETSY'S CHRISTMAS DINNER,40,42,48,50
SUNRISE ON THE FARM,43,44,51,52
THE CORN SONG,45,46,53,54
GARDENING,47,48,55,56
THE ROBIN'S LAY,49,51,57,59
MARRIAGE COUNSEL,52,53,60,61
ILL-MANNERS,54,54,62,62
LI'L GAL,55,56,63,64
CALLING THE DOCTOR,57,58,65,66
MAH BOY,59,60,67,68
JES' 'TATERS,61,61,69,69
MAH WIFE,62,63,70,71
DREAM SONG,64,64,72,72
WHEN LINDY PLAYS A RAG,65,66,73,74
THE POP-CALL,67,68,75,76
FRIENDLY INTEREST,69,70,77,78
CRISSY,71,72,79,80
YOUTH,73,73,81,81
DAT SUSIE GAL,74,76,82,84
MISS MELERLEE,77,77,85,85
HAVE I BUT YOU,78,78,86,86
THE DOXOLOGY,79,80,87,88
THE DEVIL,81,82,89,90
THE BAPTIZING,83,85,91,93
THE SERMON ON THE MOUNT,86,86,94,94
BUSINESS RELIGION,87,88,95,96
THE NEW PREACHER,89,89,97,97
BAP! TISM!,90,91,98,99
FACTS ABOUT LIES,92,93,100,101
SAN JUAN!,94,96,102,104
BLACK MAMMIES,97,99,105,107
BACK TO THE FARM,100,101,108,109
THAT FELLOW BEHIND THE GLASS,105,105,113,113
STINGS,106,106,114,114
THE GIANT,107,107,115,115
THE POEM IN THE MOON,108,108,116,116
SIGNPOSTS,109,109,117,117
A FATHER'S REPLY TO A SON'S QUESTIONS,110,111,118,119
DRINKING SONG,112,113,120,121
ON RECEIPT OF G'S PHOTOGRAPH,114,114,122,122
THE SENSES,115,115,123,123
ENCOURAGER,116,117,124,125
THINGS DON'T STAY ONE WAY,118,118,126,126
NELSE,119,122,127,130
WHATEVER IS IS BEST,123,124,131,132
TIME,125,125,133,133
SEAWARD,126,126,134,134
INSURED,127,127,135,135
GETTING THINGS,128,128,136,136
THE IRON RULE,129,131,137,139
THE VOYAGE,132,133,140,141
A PRAYER,134,134,142,142
HOMEWARD,135,135,143,143
BABY SISTER,136,136,144,144
WAR CAPS,137,137,145,145
THE SERMON AND THE SONG,138,138,146,146
SLEEP,139,139,147,147
LIFE,140,140,148,148
IF WE JUST BUT KNEW,141,141,149,149
I REST ME IN THE LORD,142,142,150,150
FIFTIETH ANNIVERSARY,143,143,151,151
AT TWILIGHT,144,145,152,153
RELIGIOUS BUSINESS,146,147,154,155
