Title,Htrc_page_start,Htrc_page_end,Print_page_start,Print_page_end
I AM A VOICE,21,24,13,16
THE MOCKING BIRD,25,25,17,17
THE BIRDS' QUARREL,26,30,18,22
THE PESSIMIST,31,32,23,24
MOON AND STAR,33,34,25,26
DISCOURAGED,35,36,27,28
QUILLS,37,38,29,30
FAERY QUEEN,39,40,31,32
DOWN TO FARMER JOE'S,41,43,33,35
PLOWIN' CANE,44,45,36,37
WOOD-NYMPHS,46,47,38,39
AUNT BETSY'S CHRISTMAS DINNER,48,50,40,42
SUNRISE ON THE FARM,51,52,43,44
THE CORN SONG,53,54,45,46
GARDENING,55,56,47,48
THE ROBIN'S LAY,57,59,49,51
MARRIAGE COUNSEL,60,61,52,53
ILL-MANNERS,62,62,54,54
LI'L GAL,63,64,55,56
CALLING THE DOCTOR,65,66,57,58
MAH BOY,67,68,59,60
JES' 'TATERS,69,69,61,61
MAH WIFE,70,71,62,63
DREAM SONG,72,72,64,64
WHEN LINDY PLAYS A RAG,73,74,65,66
THE POP-CALL,75,76,67,68
FRIENDLY INTEREST,77,78,69,70
CRISSY,79,80,71,72
YOUTH,81,81,73,73
DAT SUSIE GAL,82,84,74,76
MISS MELERLEE,85,85,77,77
HAVE I BUT YOU,86,86,78,78
THE DOXOLOGY,87,88,79,80
THE DEVIL,89,90,81,82
THE BAPTIZING,91,93,83,85
THE SERMON ON THE MOUNT,94,94,86,86
BUSINESS RELIGION,95,96,87,88
THE NEW PREACHER,97,97,89,89
BAP! TISM!,98,99,90,91
FACTS ABOUT LIES,100,101,92,93
SAN JUAN!,102,104,94,96
BLACK MAMMIES,105,107,97,99
BACK TO THE FARM,108,109,100,101
THAT FELLOW BEHIND THE GLASS,113,113,105,105
STINGS,114,114,106,106
THE GIANT,115,115,107,107
THE POEM IN THE MOON,116,116,108,108
SIGNPOSTS,117,117,109,109
A FATHER'S REPLY TO A SON'S QUESTIONS,118,119,110,111
DRINKING SONG,120,121,112,113
ON RECEIPT OF G'S PHOTOGRAPH,122,122,114,114
THE SENSES,123,123,115,115
ENCOURAGER,124,125,116,117
THINGS DON'T STAY ONE WAY,126,126,118,118
NELSE,127,130,119,122
WHATEVER IS IS BEST,131,132,123,124
TIME,133,133,125,125
SEAWARD,134,134,126,126
INSURED,135,135,127,127
GETTING THINGS,136,136,128,128
THE IRON RULE,137,139,129,131
THE VOYAGE,140,141,132,133
A PRAYER,142,142,134,134
HOMEWARD,143,143,135,135
BABY SISTER,144,144,136,136
WAR CAPS,145,145,137,137
THE SERMON AND THE SONG,146,146,138,138
SLEEP,147,147,139,139
LIFE,148,148,140,140
IF WE JUST BUT KNEW,149,149,141,141
I REST ME IN THE LORD,150,150,142,142
FIFTIETH ANNIVERSARY,151,151,143,143
AT TWILIGHT,152,153,144,145
RELIGIOUS BUSINESS,154,155,146,147
