Title,Page Number (start),Page Number (end),File Name (start),File Name (end)
Carl Chessman Interviews the P.T.A....,31,,37,39
The Enormous Gas Bill at the Dwarf Factory....,34,,40,46
Alien Winds,41,,47,48
Tidal Friction,43,,49,50
A Terror is More Certain...,45,,51,52
Sheila,47,,53,53
Heather Bell: Chorus,48,,54,54
Walking Hot Seasons,49,,55,55
Results of a Lie Detector Test,50,,56,56
Come,51,,57,57
Saraswati,52,,58,58
Unhistorical Events,53,,59,59
Cocoa Morning,54,,60,60
Picasso's Balcony,55,,61,61
"""Michaelangelo"" The Elder",56,,62,62
Blue Slanted into Blueness,57,,63,63
Early Loves,58,,64,64
Round about Midnight,59,,65,65
Jass Chick,60,,66,66
Tequila Jazz,61,,67,67
Harwood Alley Song (San Francisco),62,,68,68
His Horn,63,,69,69
The Biggest Fisherman,64,,70,70
Inside Connie,65,,71,71
Lost Window,66,,72,72
Cross Winds (Song for Paul Swanson),67,,73,73
"Believe, Believe",68,,74,74
Blue O'Clock,69,,75,75
But As Love,70,,76,76
The Cat Is Sleeping on a Poem,71,,77,77
Sun,72,,78,78
The Mind for All Its Reasoning,73,,79,79
Crootey Songo,74,,80,80
Slight Alterations,75,,81,81
"I Sigh a Marbled Sigh Ah, at Last",76,,82,82
Why Write ABOUT,77,,83,83
Waiting,78,,84,85
Heavy Water Blues,80,,86,87
When We Hear the Eye Open...,82,,88,88
Falling,83,,89,89
I Wish...,84,,90,90
Suicide,85,,91,91
"The Late Lamented Wind, Burned in Indignation",86,,92,92
Night Sung Sailor's Prayer,87,,93,93
The Under Weight Champion,88,,94,94
Plea,89,,95,95
Drunk Time,90,,96,96
Geneology,91,,97,97
On,92,,98,98
O-Jazz-O,93,,99,99
"O-Jazz-O War Memoir: Jazz, Don't Listen to It at Your Own Risk",94,,100,103
African Dream,101,,107,107
Walking Parker Home,102,,108,108
"Afterwards, They Shall Dance",103,,109,110
Benediction,105,,111,111
"Grandfather Was Queer, Too",106,,112,112
Bagel Shop Jazz,107,,113,114
Reflections on a Small Parade,109,,115,115
Bird with Painted Wings,110,,116,116
Would You Wear My Eyes?,111,,117,117
"To My Son Parker, Asleep in the Next Room",112,,118,119
Cincophrenicpoet,114,,120,120
Response (for Eileen),115,,121,121
Who Has Seen the Wind?,116,,122,122
Abomunist Manifesto,117,,123,124
Countess Erica Blaise: Chorus,121,,127,128
"Telegram to Alex/Bagel Shop, North Beach SF",123,,129,129
Morning Joy,124,,130,130
[All Those Ships That Never Sailed],125,,131,132
[My Mysteries Created for Me],127,,133,133
[The Night that Lorca Comes],128,,134,134
The Poet,129,,135,138
The Ancient Rain,133,,139,145
Hawk Lawler: Chorus,143,,149,151
Does the Secret Mind Whisper?,146,,152,161
J'Accuse,156,,162,162
No More Jazz at Alcatraz,157,,163,163
Mongolian Sunset in Gobi Desert,158,,164,164
Peace Be with You,159,,165,166
A Buddhist Experience,161,,167,168
"The Trip, Dharma Trip, Sangha Trip",163,,169,169
