Title,Htrc_page_start,Htrc_page_end,Print_page_start,Print_page_end
Odyssey of Big Boy,36,37,20,21
Long Gone,38,39,22,23
Maumee Ruth,40,41,24,25
When de Saints Go Ma'ching Home,42,46,26,30
Dark of the Moon,47,48,31,32
Seeking Religion,49,49,33,33
Georgie Grimes,50,50,34,34
Scotty Has His Say,51,51,35,35
Ruminations of Luke Johnson,52,53,36,37
Virginia Portrait,54,55,38,39
Old Man Buzzard,56,57,40,41
Johnny Thomas,58,59,42,43
Frankie and Johnny,60,60,44,44
Sam Smiley,61,62,45,46
"To Sallie,48,63, Walking",47
Bessie,65,65,49,49
Kentucky Blues,66,66,50,50
Mister Samuel and Sam,67,67,51,51
Southern Road,68,69,52,53
Sister Lou,70,71,54,55
Strong Men,72,73,56,57
Memphis Blues,76,77,60,61
Ma Rainey,78,79,62,63
Old King Cotton,80,81,64,65
Children of the Mississippi,82,83,66,67
New St. Louis Blues,84,85,68,69
Foreclosure,86,86,70,70
Checkers,87,88,71,72
Mose,89,89,73,73
After Winter,90,91,74,75
Pardners,92,92,76,76
Slim Greer,93,94,77,78
Slim Lands a Job?,95,96,79,80
Slim in Atlanta,97,98,81,82
New Steps,99,100,83,84
Convict,101,101,85,85
Strange Legacies,102,103,86,87
Revelations,104,105,88,89
Riverbank Blues,106,106,90,90
Tin Roof Blues,108,108,92,92
Effie,109,109,93,93
Children's Children,110,110,94,94
Mecca,111,111,95,95
Chillen Get Shoes,112,112,96,96
Funeral,113,113,97,97
Harlem Street Walkers,114,114,98,98
Sporting Beasley,115,116,99,100
Cabaret,117,119,101,103
Salutamus,122,122,106,106
"To a Certain Lady,108,123, in Her Garden",107
Challenge,125,125,109,109
Telling Fortunes,126,126,110,110
Rain,127,127,111,111
Return,128,128,112,112
Nous n'irons plus au boi...,129,129,113,113
Thoughts of Death,130,130,114,114
Against That Day,131,131,115,115
Mill Mountain,132,133,116,117
The Last Ride of Wild Bill,137,151,121,135
He Was a Man,152,153,136,137
Elder Mistletoe,154,156,138,140
Crispus Attucks McKoy,157,159,141,143
"A Bad,145,160, Bad Man",144
Break of Day,162,162,146,146
Rent Day Blues,163,163,147,147
The Ballad of Joe Meek,164,168,148,152
Harlem Happiness,171,172,155,156
Negro Improvement League,173,173,157,157
The Temple,174,174,158,158
Roberta Lee,175,176,159,160
Real Mammy Song,177,177,161,161
The Law for George,178,180,162,164
The New Congo,181,182,165,166
Arkansas Chant,183,184,167,168
The Young Ones,185,185,169,169
Old Lem,186,187,170,171
Sharecroppers,188,188,172,172
Master and Man,189,189,173,173
Southern Cop,191,192,175,176
Mr. Danny,193,193,177,177
An Old Woman Remembers,194,195,178,179
Transfer,196,197,180,181
Episode,198,198,182,182
All Are Gay,199,201,183,185
Legend,203,205,187,189
Bitter Fruit of the Tree,206,206,190,190
Memo: For the Race Orators,207,209,191,193
Crossing,210,211,194,195
Call for Barnum,212,213,196,197
Song of Triumph,214,214,198,198
Remembering Nat Turner,215,216,199,200
Raise a Song,217,219,201,203
Colloquy,220,221,204,205
Street Car Gang,222,223,206,207
Side by Side,224,228,208,212
Let Us Suppose,229,230,213,214
Cloteel,231,231,215,215
Parish Doctor,232,233,216,217
Uncle Joe,234,235,218,219
Louisiana Pastoral,236,236,220,220
"Glory,222,237, Glory",221
Choices,239,239,223,223
No More Worlds to Conquer,240,240,224,224
Call Boy,241,242,225,226
Puttin' on Dog,243,244,227,228
April in Coolwell,245,246,229,230
Coolwell Vignette,247,248,231,232
Honey Mah Love,249,250,233,234
Memories of Salem,251,252,235,236
Idyll,253,253,237,237
One Way of Taking Leave,254,254,238,238
Isaiah to Mandy,255,255,239,239
Conjured,256,256,240,240
Long Track Blues,257,258,241,242
