Title,Htrc_page_start,Htrc_page_end,Print_page_start,Print_page_end
Wounded in the House of a Friend,19,27,3,
Catch the Fire,31,33,15,
On the Occasion of Essence's Twenty-fifth Anniversary,34,35,18,
A Love Song for Spelman,36,44,20,
Poem,45,46,29,
A Remembrance,47,50,31,
Sweet Honey In The Rock,51,53,35,
Bullet Holes of Resistance,54,56,38,
Love Song No. 3,59,66,43,
Homegirls on St. Nicholas Avenue,67,69,51,
"Introduction of Toni Morrison, En-gendering Pwer: Essays on Anita Hill, Clarence Thomas, and Others, on the Occasion of the Publication of Her Book Race-ing Justice
"Poem for July 4,,73, 1994",57
This Is Not a Small Voice,79,80,63,
Like,83,84,67,
Eyewitness: Case No. 3456,85,86,69,
Poem for Some Women,87,90,71,
Improvisation,91,96,75,
haiku 1,97,97,81,
blues haiku 1,98,98,82,
tanka,99,99,83,
haiku 2,100,100,84,
haiku 3,101,101,85,
haiku 4,102,102,86,
haiku 5,103,103,87,
haiku 6,104,104,88,
sonku,105,105,89,
South African tanka,106,106,90,
haiku 7,107,107,91,
haiku 8,108,108,92,
blues haiku 2,109,109,93,
haiku 9,110,110,94,
