Title,Htrc_page_start,Htrc_page_end,Print_page_start,Print_page_end
When I came home,15,15,,
FAMILY TREE,16,17,,
Gramon and Great-Aunt Rachel,18,18,,
Poppy sits down in his armchair,19,19,,
Whenever there's a thunderstorm,20,20,,
Everybody says Miss Lindy Brown,21,21,,
THE BLACK BACK-UPS,22,25,,
THE ANCESTORS,26,26,,
COMPARATIVE HISTORY: OUR STORIES,27,28,,
MAKING WAY FOR SISTER,29,30,,
THE BREAST MILK POEM,31,34,,
Reba is a State Child,35,35,,
HOME,36,36,,
THE BRIDGE POEM,37,39,,
Miss Mary 'n' Martha,40,40,,
Penny has freckles and red hair,41,41,,
THE INVISIBLE WOMAN,42,43,,
WHEN AN OLD MAN DIES,44,44,,
When my gramom got baptized,45,45,,
ROSA REVISITED,46,47,,
We play in the Do-It-Yourself,48,48,,
HAVE YOU SEEN THEM?,49,50,,
Our second-grade teacher,51,51,,
ONE DAY AT THE MUSEUM OF NATURAL HISTORY,52,53,,
The TV will not come on,54,54,,
Wednesday night at Mt. Calvary,55,55,,
A NORTHERN OHIO LOVE POEM,56,56,,
It's the Saturday morning before school,57,57,,
"WHY I LIKE TO GO PLACES: FLAGSTAFF,,, ARIZONA, JUNE 1978"
"SYRACUSE,,, BY NIGHT, IN TRANSIT"
"One Sunday,,62, even Junie Hightower",
Ruby laughs too loud,63,63,,
IF I WERE AN EPIC POEM,64,64,,
CABIN FEVER,65,66,,
THE TIRED POEM: LAST LETTER FROM A TYPICAL UNEMPLOYED BLACK PROFESSIONAL WOMAN,67,71,,
TO BE CONTINUED...,72,74,,
I'VE GOT SOMETHING TO SAY ABOUT THIS: A SURVIVAL INCANTATION FOR BESSIE AND LORRAINE,75,77,,
IN ANSWER TO THE QUESTION: HAVE YOU EVER CONSIDERED SUICIDE?,78,79,,
READING LISTS,80,80,,
Horace Chandler wasn't quite right,81,81,,
I am afraid of the noise,82,82,,
THE COWARD,83,84,,
I NEVER SEE YOU,85,86,,
"CAMDEN,,87, NEW JERSEY",
THE CONSTRUCTION WORKERS,88,88,,
UP FROM THE LADDER,89,90,,
They stand on the sidelines,91,91,,
Sundays. After Church.,92,92,,
A PACIFIST BECOMES MILITANT AND DECLARES WAR,93,95,,
IT WAS IN IBADAN,96,96,,
The old woman with the ramrod back,97,97,,
