Title,Page Number (start),Page Number (end),File Name (start),File Name (end)
Wounded in the House of a Friend,3,,19,27
Catch the Fire,15,,31,33
On the Occasion of Essence's Twenty-fifth Anniversary,18,,34,35
A Love Song for Spelman,20,,36,44
Poem,29,,45,46
A Remembrance,31,,47,50
Sweet Honey In The Rock,35,,51,53
Bullet Holes of Resistance,38,,54,56
Love Song No. 3,43,,59,66
Homegirls on St. Nicholas Avenue,51,,67,69
"Introduction of Toni Morrison, and Others, on the Occasion of the Publication of Her Book Race-ing Justice, En-gendering Pwer: Essays on Anita Hill, Clarence Thomas, and the Construction of Social Reality",54,,70,72
"Poem for July 4, 1994",57,,73,78
This Is Not a Small Voice,63,,79,80
Like,67,,83,84
Eyewitness: Case No. 3456,69,,85,86
Poem for Some Women,71,,87,90
Improvisation,75,,91,96
haiku 1,81,,97,97
blues haiku 1,82,,98,98
tanka,83,,99,99
haiku 2,84,,100,100
haiku 3,85,,101,101
haiku 4,86,,102,102
haiku 5,87,,103,103
haiku 6,88,,104,104
sonku,89,,105,105
South African tanka,90,,106,106
haiku 7,91,,107,107
haiku 8,92,,108,108
blues haiku 2,93,,109,109
haiku 9,94,,110,110
