Title,Htrc_page_start,Htrc_page_end,Print_page_start,Print_page_end
Darkness hides His throne,5,5,,
"Roll,,, Jordan, roll"
Guitar music,7,7,,
My Jesus,8,8,,
No images,9,9,,
Lame man and the blind man,10,10,,
Jelly Roll and Lucky,11,11,,
Down-home boy,12,12,,
Carry me back,13,13,,
Nineteen-twenty-nine,14,14,,
Lazarus,15,15,,
Hard-time blues,16,16,,
Let me tell you blues singers something,17,17,,
Satuday night talk,18,18,,
Storefront church,19,19,,
Bessie Smith,20,20,,
Prayer for a visitor,21,21,,
Say Amen,22,22,,
