Title,Htrc_page_start,Htrc_page_end,Print Print_page_start,Print Print_page_end
Make a fist,9,9,1,1
ē Laka ē,11,11,3,5
Pā,13,14,5,5
O'ahu,15,15,7,7
Amidst the 'ōhi'a Trees,16,16,8,8
Ho'omākaukau,17,17,9,9
When Men Fought / for Nel,19,19,11,11
The Source / for Sam,20,20,12,12
Mo'os for Diane,21,21,13,13
Ho'o ola,23,23,15,15
Somewhere in the swirl of history,25,25,17,17
Mahina's Dance,26,26,18,18
Tütü,27,27,19,19
Auwee,28,29,20,21
Bradas,29,29,21,23
Wach Out,31,31,23,23
Hui 'Imi Pākipika,32,32,24,24
Ipu Heke,33,33,25,25
It's been a long time,35,35,27,27
Ohe,36,36,28,28
Make Rope,37,39,29,33
Kau Hua,41,41,33,33
Paradise,42,43,34,35
ōpala Uka,44,44,36,36
Work in Progress,45,45,37,37
PAK,46,47,38,39
Where Is It Man!?,48,48,40,40
Hewahewa,49,49,41,41
No Was Us,50,51,42,43
No Fight Hawaiians,52,55,43,51
Huli,55,59,51,51
dive into the source,61,61,53,53
A Letter ro My Brother,62,63,54,55
Ode to Fort Street,64,64,56,56
Time Has Come,65,65,57,57
Spawning Pool,67,67,59,59
Ho'okupu,68,68,60,60
This Dark Hole,69,69,61,61
Blue Coats and Malos,70,70,62,62
Manifesto,71,71,63,63
Embers to Ashes,72,72,64,64
Waikiki Samatime,73,73,65,65
Loea Kālai'āina,74,74,66,66
Na Ali'i - Now Kine,75,75,67,67
Ua Hala,76,76,68,68
Nānā I Ke Kumu,77,77,69,69
In a Dark Room,78,78,70,70
A Vision,79,79,71,71
I Have a Need,80,80,72,72
E Hānai 'Awa Ka Ikaika Ka Makani,81,81,73,75
Pa'i Pa'i,83,83,75,77
Rise up,85,85,77,77
Aloha,87,87,79,79
Ke Kumu,89,89,81,81
Twisted Tight,90,90,82,82
