Title,Page Number (start),Page Number (end),File Name (start),File Name (end)
Arias tristes,3,8,43,48
Jardines lejanos,9,12,49,52
Pastorales,13,24,53,64
Olvidanzas,25,26,65,66
Baladas de primavera,27,30,67,70
Elejías,31,32,71,72
La soledad sonora,33,34,73,74
Poemas májicos y dolientes,35,36,75,76
Arte menor,37,38,77,78
Poemas agrestes,39,40,79,80
Laberinto,41,41,81,81
Melancolía,43,43,83,83
Poemas impersonales,45,48,85,88
Apartamiento,49,52,89,92
La frente pensativa,53,54,93,94
Pureza,55,58,95,98
Sonetos espirituales,59,72,99,112
Estío,73,86,113,126
Diario de un poeta reciéncasado,87,106,127,146
Eternidades,107,122,147,162
Piedra y cielo,123,136,163,176
Poesía (en verso),137,146,177,186
Belleza (en verso),147,158,187,198
Canción,159,166,199,206
La estación total I,167,174,207,214
Canciones de la nueva luz,175,188,215,228
La estación total II,189,192,229,232
En el otro costado,193,198,233,238
Romances de Coral Gables,199,202,239,242
Animal de fondo,203,228,243,268
Dios deseado y deseante,229,232,269,272
Ríos que se van,233,233,273,273
