Title,Page Number (start),Page Number (end),File Name (start),File Name (end)
I. Ella,1,3,15,17
II. The Gods Come Together,4,5,18,19
III. Lord and Lady of Sustenance,6,19,20,33
IV. Mamá Grande,20,30,34,44
V. Cipactli: Woman as Monster,31,32,45,46
VI. Left-handed Brother,33,37,47,51
VII. La Tia Renata,38,40,52,54
VIII. Dog Days of Summer '75,41,54,55,68
"IX. Renacimiento (or, Death to All Dwarf Roosters Who Think They Can Fly)",55,68,69,82
X. The Sire,69,75,83,89
"XI. La Amazona (or, The Eighties in San Francisco)",76,85,90,99
XII. Governess of the Subconscious,86,101,100,115
XIII. El Hijo,102,117,116,131
XIV. Suicide,118,120,132,134
XV. Mictlan,121,129,135,143
XVI. Tonalli,130,144,144,158
XVII. In the Jaws of Xolotl,145,152,159,166
XVIII. Righteous White Boyz,153,158,167,172
XIX. The Archivist,159,165,173,179
XX. The Seminarian,166,177,180,191
XXI. Baggage,178,186,192,200
XXII. Dangerously Happy,187,200,201,214
XXIII. Lunar Twin,201,214,215,228
XXIV. La Otra,215,216,229,230
XXV. A Night Without Stars on the Isthmus,217,232,231,246
XXVI. Are Hunters Born or Made?,233,247,247,261
XXVII. Mistress of Death,248,254,262,268
XXVIII. Between the Aztecs' Pyramids and the Ancient Egyptians',255,256,269,270
XXIX. The Fields,257,260,271,274
XXX. Splendor and Obsession,261,269,275,283
