Title,Page Number (start),Page Number (end),File Name (start),File Name (end)
in search of aztlán,,,11,11
sight,,,13,14
the ice worker sings,,,15,16
the ice worker in love,,,17,18
denial,,,19,21
in brown america,,,22,22
1981,,,23,24
locura,,,25,26
the escape,,,27,28
"fresno, august '92",,,29,29
the alley,,,30,30
question,,,31,31
being born,,,33,34
some days,,,35,35
silence,,,36,37
the ice worker considers mercy and grace,,,38,40
the ice worker finds hope in cold storage,,,41,41
the ice worker explains to the judge,,,42,44
the rains have left and ernesto is dead,,,45,46
brittle green teeth,,,47,48
the ice worker speaks of endings,,,49,49
for you,,,51,51
letter to sarah,,,53,53
after looking for che,,,54,54
landscapes of sadness,,,55,57
letter to antonio tomachek aragón,,,58,59
a letter to kb,,,60,61
hope,,,62,62
lágrimas,,,63,65
luciana: this is how i see you,,,66,67
birth,,,69,69
star struck,,,71,73
the sky is only something,,,74,75
altar call,,,76,76
#1 scar,,,77,77
#2 fear,,,78,78
#3 voice,,,79,79
#4 tell me,,,80,80
#5 voice II,,,81,81
#6 education,,,82,82
#7 rest,,,83,83
#8 revelation,,,84,84
#9 prayer,,,85,85
truly,,,86,87
fresno night,,,88,89
