Title,Page Number (start),Page Number (end),File Name (start),File Name (end)
La Casa,,,11,11
Katakalos,,,12,15
Nuestro Dolor,,,16,16
Overheard at the Basilica,,,17,17
From Home,,,18,19
A Dancer's Death,,,20,20
One Man's Family,,,21,22
A Warning from Forever,,,23,24
Poison in the Eye of the Beholder,,,25,26
Paying Respects,,,27,27
Learning Endurance from Lupe at the J & A Ice House,,,28,29
Homesteaders,,,30,30
Museum Piece,,,31,32
Letter to a Brother in Exile,,,33,34
(There Has to Be) Something More Than Everything,,,35,37
Mnemosyno,,,38,39
On Discovering Folk Tales,,,40,41
From Bolivia After All This Time,,,42,43
Again Ariadne,,,44,44
"Listen Querido, They're Playing Our Song",,,45,45
Blood Wedding Trilogy,,,46,47
Behind the Veil,,,48,48
Psyche to Eros,,,49,49
Final Touches,,,50,52
Ariadne III,,,53,54
A Vision of La Llorona,,,55,56
Demeter Speaks After a Long Silence,,,57,58
Tongue-tied,,,59,60
Ex Post Facto,,,61,61
Taking the Air,,,62,63
Homecoming Celebration,,,64,65
Ariadne Seven Years Later,,,66,67
Keeping the Vigil,,,68,68
Ariadne to Dionysios,,,69,70
When the Celebrants Gather,,,71,72
Odysseus Comes Up With a Heroic Cure for Time,,,73,75
Swallow Wings,,,76,76
Daily Returns,,,77,78
